<filetype binary="false" default_extension="cocci" description="Coccinelle semantic patch" name="SmPL File">
  <highlighting>
    <options>
      <option name="LINE_COMMENT" value="//" />
      <option name="COMMENT_START" value="/*" />
      <option name="COMMENT_END" value="*/" />
      <option name="HEX_PREFIX" value="0x" />
      <option name="NUM_POSTFIXES" value="l,L,u,U" />
      <option name="HAS_BRACES" value="true" />
      <option name="HAS_BRACKETS" value="true" />
      <option name="HAS_PARENS" value="true" />
      <option name="HAS_STRING_ESCAPES" value="true" />
    </options>
    <keywords keywords="bool char short int long float double void typedef struct enum union if else break continue return while for do switch case" ignore_case="false" />
    <keywords2 keywords="#import #define #undef #if #elif #else #endif #ifdef" />
    <keywords3 keywords="... &lt;... &lt;+... ...&gt; ...+&gt; @ @@ @script: @initialize: @finalize:" />
    <keywords4 keywords="metavariable identifier declarator statement expression constant assignment operator binary unary depends on file in using disable python ocamllist" />
  </highlighting>
  <extensionMap>
    <mapping ext="cocci" />
  </extensionMap>
</filetype>